{
  "title":"菜单栏",
  "item":[
    {
      "icon":"fa-home",
      "name":"查看文章",
      "page":"article",
      "action":"index"
    },
    {
      "icon":"fa-user",
      "name":"添加文章",
      "page":"article",
      "action":"add"
    },
    {
      "icon":"fa-user",
      "name":"添加链接文章",
      "page":"article",
      "action":"addUrl"
    },
    {
      "icon":"fa-user",
      "name":"分类管理",
      "page":"category",
      "action":"index"
    }
  ]
}